Gender,Married,Dependents,Education,Self_Employed,Credit_History,Property_Area,Loan_Status,ApplicantIncome,CoapplicantIncome,LoanAmount,Loan_Amount_Term
Male,No,0,Graduate,No,1.0,Urban,Y,5849.0,0.0,146.41216216216216,360.0
Male,Yes,1,Graduate,No,1.0,Rural,N,4583.0,1508.0,128.0,360.0
Male,Yes,0,Graduate,Yes,1.0,Urban,Y,3000.0,0.0,66.0,360.0
Male,Yes,0,Not Graduate,No,1.0,Urban,Y,2583.0,2358.0,120.0,360.0
Male,No,0,Graduate,No,1.0,Urban,Y,6000.0,0.0,141.0,360.0
Male,Yes,2,Graduate,Yes,1.0,Urban,Y,5417.0,4196.0,267.0,360.0
Male,Yes,0,Not Graduate,No,1.0,Urban,Y,2333.0,1516.0,95.0,360.0
Male,Yes,3+,Graduate,No,0.0,Semiurban,N,3036.0,2504.0,158.0,360.0
Male,Yes,2,Graduate,No,1.0,Urban,Y,4006.0,1526.0,168.0,360.0
Male,Yes,1,Graduate,No,1.0,Semiurban,N,12841.0,10968.0,349.0,360.0
Male,Yes,2,Graduate,No,1.0,Urban,Y,3200.0,700.0,70.0,360.0
Male,Yes,2,Graduate,No,1.0,Urban,Y,2500.0,1840.0,109.0,360.0
Male,Yes,2,Graduate,No,1.0,Urban,Y,3073.0,8106.0,200.0,360.0
Male,No,0,Graduate,No,1.0,Rural,N,1853.0,2840.0,114.0,360.0
Male,Yes,2,Graduate,No,1.0,Urban,Y,1299.0,1086.0,17.0,120.0
Male,No,0,Graduate,No,1.0,Urban,Y,4950.0,0.0,125.0,360.0
Male,No,1,Not Graduate,No,1.0,Urban,Y,3596.0,0.0,100.0,240.0
Female,No,0,Graduate,No,0.0,Urban,N,3510.0,0.0,76.0,360.0
Male,Yes,0,Not Graduate,No,1.0,Rural,N,4887.0,0.0,133.0,360.0
Male,Yes,0,Graduate,No,1.0,Urban,Y,2600.0,3500.0,115.0,342.0
Male,Yes,0,Not Graduate,No,0.0,Urban,N,7660.0,0.0,104.0,360.0
Male,Yes,1,Graduate,No,1.0,Urban,Y,5955.0,5625.0,315.0,360.0
Male,Yes,0,Not Graduate,No,0.0,Semiurban,N,2600.0,1911.0,116.0,360.0
Male,Yes,2,Not Graduate,No,0.0,Rural,N,3365.0,1917.0,112.0,360.0
Male,Yes,1,Graduate,No,1.0,Semiurban,N,3717.0,2925.0,151.0,360.0
Male,Yes,0,Graduate,Yes,1.0,Semiurban,Y,9560.0,0.0,191.0,360.0
Male,Yes,0,Graduate,No,1.0,Semiurban,Y,2799.0,2253.0,122.0,360.0
Male,Yes,2,Not Graduate,No,1.0,Urban,Y,4226.0,1040.0,110.0,360.0
Male,No,0,Not Graduate,No,1.0,Urban,N,1442.0,0.0,35.0,360.0
Female,No,2,Graduate,No,1.0,Semiurban,Y,3750.0,2083.0,120.0,360.0
Male,Yes,1,Graduate,No,1.0,Urban,N,4166.0,3369.0,201.0,360.0
Male,No,0,Graduate,No,1.0,Urban,N,3167.0,0.0,74.0,360.0
Male,No,1,Graduate,Yes,1.0,Rural,N,4692.0,0.0,106.0,360.0
Male,Yes,0,Graduate,No,1.0,Semiurban,Y,3500.0,1667.0,114.0,360.0
Male,No,3+,Graduate,No,1.0,Rural,N,12500.0,3000.0,320.0,360.0
Male,Yes,0,Graduate,No,1.0,Urban,Y,2275.0,2067.0,146.41216216216216,360.0
Male,Yes,0,Graduate,No,0.0,Urban,N,1828.0,1330.0,100.0,342.0
Female,Yes,0,Graduate,No,1.0,Semiurban,Y,3667.0,1459.0,144.0,360.0
Male,No,0,Graduate,No,1.0,Urban,Y,4166.0,7210.0,184.0,360.0
Male,No,0,Not Graduate,No,1.0,Semiurban,Y,3748.0,1668.0,110.0,360.0
Male,No,0,Graduate,No,1.0,Urban,N,3600.0,0.0,80.0,360.0
Male,No,0,Graduate,No,1.0,Urban,Y,1800.0,1213.0,47.0,360.0
Male,Yes,0,Graduate,No,1.0,Urban,Y,2400.0,0.0,75.0,360.0
Male,Yes,0,Graduate,No,1.0,Semiurban,Y,3941.0,2336.0,134.0,360.0
Male,Yes,0,Not Graduate,Yes,1.0,Urban,Y,4695.0,0.0,96.0,342.0
Female,No,0,Graduate,No,1.0,Urban,Y,3410.0,0.0,88.0,342.0
Male,Yes,1,Graduate,No,1.0,Urban,Y,5649.0,0.0,44.0,360.0
Male,Yes,0,Graduate,No,1.0,Urban,Y,5821.0,0.0,144.0,360.0
Female,Yes,0,Graduate,No,0.0,Urban,N,2645.0,3440.0,120.0,360.0
Female,No,0,Graduate,No,1.0,Semiurban,Y,4000.0,2275.0,144.0,360.0
Female,Yes,0,Not Graduate,No,1.0,Semiurban,Y,1928.0,1644.0,100.0,360.0
Female,No,0,Graduate,No,1.0,Semiurban,Y,3086.0,0.0,120.0,360.0
Female,No,0,Graduate,No,1.0,Semiurban,N,4230.0,0.0,112.0,360.0
Male,Yes,2,Graduate,No,1.0,Urban,N,4616.0,0.0,134.0,360.0
Female,Yes,1,Graduate,Yes,0.0,Urban,N,11500.0,0.0,286.0,360.0
Male,Yes,2,Graduate,No,1.0,Semiurban,Y,2708.0,1167.0,97.0,360.0
Male,Yes,0,Graduate,No,1.0,Semiurban,Y,2132.0,1591.0,96.0,360.0
Male,Yes,0,Graduate,No,1.0,Rural,N,3366.0,2200.0,135.0,360.0
Male,Yes,1,Graduate,No,1.0,Urban,Y,8080.0,2250.0,180.0,360.0
Male,Yes,2,Not Graduate,No,1.0,Urban,Y,3357.0,2859.0,144.0,360.0
Male,Yes,0,Graduate,No,1.0,Urban,Y,2500.0,3796.0,120.0,360.0
Male,Yes,3+,Graduate,No,1.0,Urban,Y,3029.0,0.0,99.0,360.0
Male,Yes,0,Not Graduate,Yes,0.0,Rural,N,2609.0,3449.0,165.0,180.0
Male,Yes,1,Graduate,No,0.0,Rural,N,4945.0,0.0,146.41216216216216,360.0
Female,No,0,Graduate,No,0.0,Semiurban,N,4166.0,0.0,116.0,360.0
Male,Yes,0,Graduate,No,1.0,Semiurban,N,5726.0,4595.0,258.0,360.0
Male,No,0,Not Graduate,No,0.0,Urban,N,3200.0,2254.0,126.0,180.0
Male,Yes,1,Graduate,No,1.0,Urban,Y,10750.0,0.0,312.0,360.0
Male,Yes,3+,Not Graduate,Yes,1.0,Urban,Y,7100.0,0.0,125.0,60.0
Female,No,0,Graduate,No,0.0,Semiurban,N,4300.0,0.0,136.0,360.0
Male,Yes,0,Graduate,No,1.0,Urban,Y,3208.0,3066.0,172.0,360.0
Male,Yes,2,Not Graduate,Yes,1.0,Semiurban,Y,1875.0,1875.0,97.0,360.0
Male,No,0,Graduate,No,1.0,Semiurban,Y,3500.0,0.0,81.0,300.0
Male,Yes,3+,Not Graduate,No,0.0,Semiurban,N,4755.0,0.0,95.0,342.0
Male,Yes,3+,Graduate,Yes,1.0,Semiurban,Y,5266.0,1774.0,187.0,360.0
Male,No,0,Graduate,No,1.0,Urban,N,3750.0,0.0,113.0,480.0
Male,No,0,Graduate,No,1.0,Urban,N,3750.0,4750.0,176.0,360.0
Male,Yes,1,Graduate,Yes,1.0,Urban,N,1000.0,3022.0,110.0,360.0
Male,Yes,3+,Graduate,No,0.0,Semiurban,N,3167.0,4000.0,180.0,300.0
Male,Yes,3+,Not Graduate,Yes,1.0,Semiurban,Y,3333.0,2166.0,130.0,360.0
Female,No,0,Graduate,No,1.0,Semiurban,Y,3846.0,0.0,111.0,360.0
Male,Yes,1,Graduate,Yes,1.0,Semiurban,Y,2395.0,0.0,146.41216216216216,360.0
Female,Yes,2,Graduate,No,1.0,Urban,N,1378.0,1881.0,167.0,360.0
Male,Yes,0,Graduate,No,1.0,Semiurban,N,6000.0,2250.0,265.0,360.0
Male,Yes,1,Graduate,No,1.0,Urban,Y,3988.0,0.0,50.0,240.0
Male,No,0,Graduate,No,1.0,Semiurban,Y,2366.0,2531.0,136.0,360.0
Male,Yes,2,Not Graduate,No,1.0,Semiurban,Y,3333.0,2000.0,99.0,360.0
Male,Yes,0,Graduate,No,1.0,Semiurban,Y,2500.0,2118.0,104.0,360.0
Male,No,0,Graduate,No,1.0,Urban,Y,8566.0,0.0,210.0,360.0
Male,Yes,0,Graduate,No,1.0,Semiurban,Y,5695.0,4167.0,175.0,360.0
Male,Yes,0,Graduate,No,1.0,Semiurban,Y,2958.0,2900.0,131.0,360.0
Male,Yes,2,Graduate,No,1.0,Semiurban,Y,6250.0,5654.0,188.0,180.0
Male,Yes,2,Not Graduate,No,1.0,Urban,Y,3273.0,1820.0,81.0,360.0
Male,No,0,Graduate,No,1.0,Semiurban,Y,4133.0,0.0,122.0,360.0
Male,No,0,Not Graduate,No,1.0,Semiurban,Y,3620.0,0.0,25.0,120.0
Male,No,0,Graduate,No,1.0,Urban,N,6782.0,0.0,146.41216216216216,360.0
Female,Yes,0,Graduate,No,1.0,Semiurban,Y,2484.0,2302.0,137.0,360.0
Male,Yes,0,Graduate,No,1.0,Semiurban,Y,1977.0,997.0,50.0,360.0
Male,Yes,0,Not Graduate,No,1.0,Semiurban,Y,4188.0,0.0,115.0,180.0
Male,Yes,0,Graduate,No,1.0,Semiurban,Y,1759.0,3541.0,131.0,360.0
Male,Yes,2,Not Graduate,No,1.0,Urban,Y,4288.0,3263.0,133.0,180.0
Male,No,0,Graduate,No,1.0,Semiurban,Y,4843.0,3806.0,151.0,360.0
Male,Yes,0,Graduate,No,1.0,Urban,Y,13650.0,0.0,146.41216216216216,360.0
Male,Yes,0,Graduate,No,1.0,Semiurban,Y,4652.0,3583.0,146.41216216216216,360.0
Male,Yes,0,Graduate,No,1.0,Urban,Y,3816.0,754.0,160.0,360.0
Male,Yes,1,Graduate,No,1.0,Urban,Y,3052.0,1030.0,100.0,360.0
Male,Yes,2,Graduate,No,1.0,Urban,Y,11417.0,1126.0,225.0,360.0
Male,No,0,Not Graduate,No,1.0,Rural,N,7333.0,0.0,120.0,360.0
Male,Yes,2,Graduate,No,0.0,Urban,N,3800.0,3600.0,216.0,360.0
Male,Yes,3+,Not Graduate,No,1.0,Semiurban,Y,2071.0,754.0,94.0,480.0
Male,No,0,Graduate,No,1.0,Urban,Y,5316.0,0.0,136.0,360.0
Female,Yes,0,Graduate,No,1.0,Semiurban,Y,2929.0,2333.0,139.0,360.0
Male,Yes,0,Not Graduate,No,0.0,Rural,N,3572.0,4114.0,152.0,342.0
Female,No,1,Graduate,Yes,1.0,Semiurban,Y,7451.0,0.0,146.41216216216216,360.0
Male,No,0,Graduate,No,1.0,Semiurban,Y,5050.0,0.0,118.0,360.0
Male,Yes,1,Graduate,No,1.0,Rural,Y,14583.0,0.0,185.0,180.0
Female,Yes,0,Graduate,No,1.0,Semiurban,Y,3167.0,2283.0,154.0,360.0
Male,Yes,1,Graduate,No,1.0,Urban,Y,2214.0,1398.0,85.0,360.0
Male,Yes,0,Graduate,No,1.0,Rural,N,5568.0,2142.0,175.0,360.0
Female,No,0,Graduate,No,1.0,Urban,Y,10408.0,0.0,259.0,360.0
Male,Yes,0,Graduate,No,1.0,Rural,Y,5667.0,2667.0,180.0,360.0
Female,No,0,Graduate,No,1.0,Semiurban,Y,4166.0,0.0,44.0,360.0
Female,No,0,Graduate,No,0.0,Semiurban,Y,2137.0,8980.0,137.0,360.0
Male,Yes,2,Graduate,No,1.0,Semiurban,Y,2957.0,0.0,81.0,360.0
Male,Yes,0,Not Graduate,No,1.0,Rural,Y,4300.0,2014.0,194.0,360.0
Female,No,0,Graduate,No,1.0,Rural,Y,3692.0,0.0,93.0,360.0
Male,Yes,3+,Graduate,No,1.0,Rural,Y,23803.0,0.0,370.0,360.0
Male,No,0,Graduate,No,1.0,Rural,Y,3865.0,1640.0,146.41216216216216,360.0
Male,Yes,1,Graduate,Yes,0.0,Urban,N,10513.0,3850.0,160.0,180.0
Male,Yes,0,Graduate,No,1.0,Rural,N,6080.0,2569.0,182.0,360.0
Male,No,0,Graduate,Yes,1.0,Urban,Y,20166.0,0.0,650.0,480.0
Male,No,0,Graduate,No,1.0,Urban,Y,2014.0,1929.0,74.0,360.0
Male,No,0,Graduate,No,1.0,Semiurban,Y,2718.0,0.0,70.0,360.0
Male,Yes,0,Graduate,Yes,1.0,Semiurban,Y,3459.0,0.0,25.0,120.0
Male,No,0,Graduate,No,1.0,Semiurban,Y,4895.0,0.0,102.0,360.0
Male,Yes,3+,Graduate,No,1.0,Semiurban,N,4000.0,7750.0,290.0,360.0
Female,Yes,0,Graduate,No,1.0,Rural,N,4583.0,0.0,84.0,360.0
Male,Yes,2,Graduate,Yes,1.0,Urban,Y,3316.0,3500.0,88.0,360.0
Male,No,0,Graduate,No,0.0,Semiurban,N,14999.0,0.0,242.0,360.0
Male,Yes,2,Not Graduate,No,1.0,Rural,N,4200.0,1430.0,129.0,360.0
Male,Yes,2,Graduate,No,1.0,Rural,N,5042.0,2083.0,185.0,360.0
Male,No,0,Graduate,No,1.0,Urban,Y,5417.0,0.0,168.0,360.0
Male,No,0,Graduate,Yes,1.0,Semiurban,Y,6950.0,0.0,175.0,180.0
Male,Yes,0,Graduate,No,1.0,Semiurban,Y,2698.0,2034.0,122.0,360.0
Male,Yes,2,Graduate,No,1.0,Urban,Y,11757.0,0.0,187.0,180.0
Female,Yes,0,Graduate,No,1.0,Semiurban,Y,2330.0,4486.0,100.0,360.0
Female,Yes,2,Graduate,No,1.0,Urban,Y,14866.0,0.0,70.0,360.0
Male,Yes,1,Graduate,No,1.0,Urban,Y,1538.0,1425.0,30.0,360.0
Female,No,0,Graduate,No,1.0,Rural,N,10000.0,1666.0,225.0,360.0
Male,Yes,0,Graduate,No,1.0,Semiurban,Y,4860.0,830.0,125.0,360.0
Male,No,0,Graduate,No,0.0,Rural,N,6277.0,0.0,118.0,360.0
Male,Yes,0,Graduate,Yes,1.0,Rural,Y,2577.0,3750.0,152.0,360.0
Male,No,0,Graduate,No,1.0,Urban,N,9166.0,0.0,244.0,360.0
Male,Yes,2,Not Graduate,No,1.0,Rural,N,2281.0,0.0,113.0,360.0
Male,No,0,Graduate,No,1.0,Urban,Y,3254.0,0.0,50.0,360.0
Male,Yes,3+,Graduate,No,0.0,Semiurban,Y,39999.0,0.0,600.0,180.0
Male,Yes,1,Graduate,No,1.0,Rural,Y,6000.0,0.0,160.0,360.0
Male,Yes,1,Graduate,No,1.0,Urban,Y,9538.0,0.0,187.0,360.0
Male,No,0,Graduate,No,1.0,Rural,Y,2980.0,2083.0,120.0,360.0
Male,Yes,0,Graduate,No,1.0,Semiurban,Y,4583.0,5625.0,255.0,360.0
Male,Yes,0,Not Graduate,No,1.0,Semiurban,Y,1863.0,1041.0,98.0,360.0
Male,Yes,0,Graduate,No,1.0,Urban,N,7933.0,0.0,275.0,360.0
Male,Yes,1,Graduate,No,0.0,Semiurban,N,3089.0,1280.0,121.0,360.0
Male,Yes,2,Graduate,No,1.0,Rural,Y,4167.0,1447.0,158.0,360.0
Male,Yes,0,Graduate,No,1.0,Urban,Y,9323.0,0.0,75.0,180.0
Male,Yes,0,Graduate,No,1.0,Rural,Y,3707.0,3166.0,182.0,342.0
Female,Yes,0,Graduate,No,1.0,Rural,N,4583.0,0.0,112.0,360.0
Male,Yes,0,Graduate,No,1.0,Rural,Y,2439.0,3333.0,129.0,360.0
Male,No,0,Graduate,No,0.0,Semiurban,N,2237.0,0.0,63.0,480.0
Male,Yes,2,Graduate,No,1.0,Semiurban,Y,8000.0,0.0,200.0,360.0
Male,Yes,0,Not Graduate,No,1.0,Rural,Y,1820.0,1769.0,95.0,360.0
Male,Yes,3+,Graduate,No,1.0,Urban,Y,51763.0,0.0,700.0,300.0
Male,Yes,3+,Not Graduate,No,1.0,Rural,N,3522.0,0.0,81.0,180.0
Male,Yes,0,Graduate,No,1.0,Semiurban,Y,5708.0,5625.0,187.0,360.0
Male,Yes,0,Not Graduate,Yes,1.0,Semiurban,N,4344.0,736.0,87.0,360.0
Male,Yes,0,Graduate,No,1.0,Rural,Y,3497.0,1964.0,116.0,360.0
Male,Yes,2,Graduate,No,1.0,Rural,Y,2045.0,1619.0,101.0,360.0
Male,Yes,3+,Graduate,No,0.0,Semiurban,N,5516.0,11300.0,495.0,360.0
Male,Yes,1,Graduate,No,1.0,Semiurban,Y,3750.0,0.0,116.0,360.0
Male,No,0,Not Graduate,No,0.0,Urban,N,2333.0,1451.0,102.0,480.0
Male,Yes,1,Graduate,No,0.0,Urban,N,6400.0,7250.0,180.0,360.0
Male,No,0,Graduate,No,1.0,Rural,N,1916.0,5063.0,67.0,360.0
Male,Yes,0,Graduate,No,1.0,Semiurban,Y,4600.0,0.0,73.0,180.0
Male,Yes,1,Graduate,No,1.0,Semiurban,N,33846.0,0.0,260.0,360.0
Female,Yes,0,Graduate,No,1.0,Semiurban,Y,3625.0,0.0,108.0,360.0
Male,Yes,0,Graduate,Yes,1.0,Semiurban,Y,39147.0,4750.0,120.0,360.0
Male,Yes,1,Graduate,Yes,0.0,Rural,N,2178.0,0.0,66.0,300.0
Male,Yes,0,Graduate,No,1.0,Rural,Y,2383.0,2138.0,58.0,360.0
Male,Yes,0,Graduate,Yes,1.0,Rural,Y,674.0,5296.0,168.0,360.0
Male,Yes,0,Graduate,No,1.0,Rural,Y,9328.0,0.0,188.0,180.0
Male,No,0,Not Graduate,No,1.0,Rural,Y,4885.0,0.0,48.0,360.0
Male,No,0,Graduate,No,1.0,Semiurban,N,12000.0,0.0,164.0,360.0
Male,Yes,0,Not Graduate,No,1.0,Urban,N,6033.0,0.0,160.0,360.0
Male,No,0,Graduate,No,1.0,Semiurban,Y,3858.0,0.0,76.0,360.0
Male,No,0,Graduate,No,1.0,Rural,Y,4191.0,0.0,120.0,360.0
Male,Yes,1,Graduate,No,1.0,Semiurban,N,3125.0,2583.0,170.0,360.0
Male,No,0,Graduate,No,1.0,Rural,Y,8333.0,3750.0,187.0,360.0
Female,No,0,Not Graduate,No,1.0,Urban,Y,1907.0,2365.0,120.0,342.0
Female,Yes,0,Graduate,No,1.0,Semiurban,Y,3416.0,2816.0,113.0,360.0
Male,No,0,Graduate,Yes,1.0,Urban,N,11000.0,0.0,83.0,360.0
Male,Yes,1,Not Graduate,No,1.0,Semiurban,Y,2600.0,2500.0,90.0,360.0
Male,No,2,Graduate,No,0.0,Semiurban,Y,4923.0,0.0,166.0,360.0
Male,Yes,3+,Not Graduate,No,1.0,Urban,N,3992.0,0.0,146.41216216216216,180.0
Male,Yes,1,Not Graduate,No,1.0,Urban,Y,3500.0,1083.0,135.0,360.0
Male,Yes,2,Not Graduate,No,1.0,Semiurban,Y,3917.0,0.0,124.0,360.0
Female,No,0,Not Graduate,No,1.0,Semiurban,Y,4408.0,0.0,120.0,360.0
Female,No,0,Graduate,No,1.0,Urban,Y,3244.0,0.0,80.0,360.0
Male,No,0,Not Graduate,No,1.0,Rural,Y,3975.0,2531.0,55.0,360.0
Male,No,0,Graduate,No,1.0,Urban,Y,2479.0,0.0,59.0,360.0
Male,No,0,Graduate,No,1.0,Semiurban,N,3418.0,0.0,127.0,360.0
Female,No,0,Graduate,No,1.0,Semiurban,N,10000.0,0.0,214.0,360.0
Male,Yes,3+,Graduate,No,0.0,Semiurban,N,3430.0,1250.0,128.0,360.0
Male,Yes,1,Graduate,Yes,1.0,Urban,Y,7787.0,0.0,240.0,360.0
Male,Yes,3+,Not Graduate,Yes,1.0,Rural,Y,5703.0,0.0,130.0,360.0
Male,Yes,0,Graduate,No,1.0,Urban,Y,3173.0,3021.0,137.0,360.0
Male,Yes,3+,Not Graduate,No,1.0,Semiurban,Y,3850.0,983.0,100.0,360.0
Male,Yes,0,Graduate,No,1.0,Rural,N,150.0,1800.0,135.0,360.0
Male,Yes,0,Graduate,No,1.0,Semiurban,Y,3727.0,1775.0,131.0,360.0
Male,Yes,2,Graduate,No,0.0,Semiurban,N,5000.0,0.0,72.0,360.0
Female,Yes,2,Graduate,No,1.0,Semiurban,Y,4283.0,2383.0,127.0,360.0
Male,Yes,0,Graduate,No,0.0,Urban,N,2221.0,0.0,60.0,360.0
Male,Yes,2,Graduate,No,1.0,Semiurban,Y,4009.0,1717.0,116.0,360.0
Male,No,0,Graduate,No,1.0,Semiurban,Y,2971.0,2791.0,144.0,360.0
Male,Yes,0,Graduate,No,1.0,Semiurban,Y,7578.0,1010.0,175.0,342.0
Male,Yes,0,Graduate,No,1.0,Semiurban,Y,6250.0,0.0,128.0,360.0
Male,Yes,0,Graduate,No,1.0,Rural,N,3250.0,0.0,170.0,360.0
Male,Yes,0,Not Graduate,Yes,1.0,Urban,N,4735.0,0.0,138.0,360.0
Male,Yes,2,Graduate,No,1.0,Semiurban,Y,6250.0,1695.0,210.0,360.0
Male,Yes,0,Graduate,No,1.0,Semiurban,Y,4758.0,0.0,158.0,480.0
Male,No,0,Graduate,Yes,1.0,Rural,Y,6400.0,0.0,200.0,360.0
Male,Yes,1,Graduate,No,1.0,Semiurban,Y,2491.0,2054.0,104.0,360.0
Male,Yes,0,Graduate,No,1.0,Rural,Y,3716.0,0.0,42.0,180.0
Male,No,0,Not Graduate,No,1.0,Rural,Y,3189.0,2598.0,120.0,342.0
Female,No,0,Graduate,No,1.0,Semiurban,Y,8333.0,0.0,280.0,360.0
Male,Yes,1,Graduate,No,1.0,Semiurban,Y,3155.0,1779.0,140.0,360.0
Male,Yes,1,Graduate,No,1.0,Rural,Y,5500.0,1260.0,170.0,360.0
Male,Yes,0,Graduate,No,1.0,Urban,N,5746.0,0.0,255.0,360.0
Female,No,0,Graduate,Yes,1.0,Urban,Y,3463.0,0.0,122.0,360.0
Female,No,1,Graduate,No,1.0,Rural,Y,3812.0,0.0,112.0,360.0
Male,Yes,1,Graduate,No,1.0,Semiurban,Y,3315.0,0.0,96.0,360.0
Male,Yes,2,Graduate,No,1.0,Rural,Y,5819.0,5000.0,120.0,360.0
Male,Yes,1,Not Graduate,No,1.0,Urban,N,2510.0,1983.0,140.0,180.0
Male,No,0,Graduate,No,1.0,Urban,Y,2965.0,5701.0,155.0,60.0
Male,Yes,2,Graduate,Yes,1.0,Rural,Y,6250.0,1300.0,108.0,360.0
Male,Yes,0,Not Graduate,No,1.0,Semiurban,Y,3406.0,4417.0,123.0,360.0
Male,No,0,Graduate,Yes,1.0,Urban,N,6050.0,4333.0,120.0,180.0
Male,Yes,2,Graduate,No,1.0,Urban,Y,9703.0,0.0,112.0,360.0
Male,Yes,1,Not Graduate,No,1.0,Urban,Y,6608.0,0.0,137.0,180.0
Male,Yes,1,Graduate,No,1.0,Semiurban,Y,2882.0,1843.0,123.0,480.0
Male,Yes,0,Graduate,No,1.0,Urban,Y,1809.0,1868.0,90.0,360.0
Male,Yes,0,Not Graduate,No,0.0,Semiurban,N,1668.0,3890.0,201.0,360.0
Female,No,2,Graduate,No,1.0,Urban,N,3427.0,0.0,138.0,360.0
Male,No,0,Not Graduate,Yes,1.0,Rural,Y,2583.0,2167.0,104.0,360.0
Male,Yes,1,Not Graduate,No,1.0,Semiurban,Y,2661.0,7101.0,279.0,180.0
Male,No,0,Graduate,Yes,0.0,Urban,N,16250.0,0.0,192.0,360.0
Female,No,3+,Graduate,No,1.0,Rural,Y,3083.0,0.0,255.0,360.0
Male,No,0,Not Graduate,No,0.0,Rural,N,6045.0,0.0,115.0,360.0
Male,Yes,3+,Graduate,No,1.0,Urban,N,5250.0,0.0,94.0,360.0
Male,Yes,0,Graduate,No,1.0,Rural,N,14683.0,2100.0,304.0,360.0
Male,Yes,3+,Not Graduate,No,1.0,Semiurban,N,4931.0,0.0,128.0,360.0
Male,Yes,1,Graduate,No,1.0,Urban,Y,6083.0,4250.0,330.0,360.0
Male,No,0,Graduate,No,1.0,Semiurban,Y,2060.0,2209.0,134.0,360.0
Female,No,1,Graduate,No,1.0,Semiurban,N,3481.0,0.0,155.0,36.0
Female,No,0,Graduate,No,1.0,Rural,Y,7200.0,0.0,120.0,360.0
Male,No,0,Graduate,Yes,1.0,Semiurban,Y,5166.0,0.0,128.0,360.0
Male,No,0,Graduate,No,1.0,Rural,Y,4095.0,3447.0,151.0,360.0
Male,Yes,2,Graduate,No,1.0,Semiurban,Y,4708.0,1387.0,150.0,360.0
Male,Yes,3+,Graduate,No,0.0,Urban,Y,4333.0,1811.0,160.0,360.0
Female,No,0,Graduate,No,1.0,Rural,N,3418.0,0.0,135.0,360.0
Female,No,1,Graduate,No,1.0,Urban,Y,2876.0,1560.0,90.0,360.0
Female,No,0,Graduate,No,1.0,Urban,Y,3237.0,0.0,30.0,360.0
Male,Yes,0,Graduate,No,1.0,Urban,Y,11146.0,0.0,136.0,360.0
Male,No,0,Graduate,No,1.0,Rural,Y,2833.0,1857.0,126.0,360.0
Male,Yes,0,Graduate,No,1.0,Semiurban,Y,2620.0,2223.0,150.0,360.0
Male,Yes,2,Graduate,No,1.0,Semiurban,Y,3900.0,0.0,90.0,360.0
Male,Yes,1,Graduate,No,1.0,Semiurban,Y,2750.0,1842.0,115.0,360.0
Male,Yes,0,Graduate,No,1.0,Semiurban,Y,3993.0,3274.0,207.0,360.0
Male,Yes,0,Graduate,No,1.0,Urban,Y,3103.0,1300.0,80.0,360.0
Male,Yes,0,Graduate,No,1.0,Semiurban,Y,14583.0,0.0,436.0,360.0
Female,Yes,0,Not Graduate,No,1.0,Rural,Y,4100.0,0.0,124.0,360.0
Male,No,1,Not Graduate,Yes,0.0,Urban,N,4053.0,2426.0,158.0,360.0
Male,Yes,0,Graduate,No,1.0,Semiurban,Y,3927.0,800.0,112.0,360.0
Male,Yes,2,Graduate,No,1.0,Urban,Y,2301.0,985.7999878,78.0,180.0
Female,No,0,Graduate,No,1.0,Urban,Y,1811.0,1666.0,54.0,360.0
Male,Yes,0,Graduate,No,1.0,Rural,N,20667.0,0.0,146.41216216216216,360.0
Male,No,0,Graduate,No,1.0,Rural,Y,3158.0,3053.0,89.0,360.0
Female,No,0,Graduate,Yes,1.0,Semiurban,N,2600.0,1717.0,99.0,300.0
Male,Yes,0,Graduate,No,1.0,Rural,Y,3704.0,2000.0,120.0,360.0
Female,No,0,Graduate,No,1.0,Semiurban,Y,4124.0,0.0,115.0,360.0
Male,No,0,Graduate,No,1.0,Rural,Y,9508.0,0.0,187.0,360.0
Male,Yes,0,Graduate,No,1.0,Rural,Y,3075.0,2416.0,139.0,360.0
Male,Yes,2,Graduate,No,0.0,Semiurban,N,4400.0,0.0,127.0,360.0
Male,Yes,2,Graduate,No,1.0,Urban,Y,3153.0,1560.0,134.0,360.0
Female,No,0,Graduate,No,0.0,Urban,N,5417.0,0.0,143.0,480.0
Male,Yes,0,Graduate,No,1.0,Semiurban,Y,2383.0,3334.0,172.0,360.0
Male,Yes,3+,Graduate,No,1.0,Urban,Y,4416.0,1250.0,110.0,360.0
Male,Yes,1,Graduate,No,1.0,Semiurban,Y,6875.0,0.0,200.0,360.0
Female,Yes,1,Graduate,No,1.0,Urban,Y,4666.0,0.0,135.0,360.0
Female,No,0,Graduate,No,1.0,Rural,N,5000.0,2541.0,151.0,480.0
Male,Yes,1,Graduate,No,1.0,Urban,N,2014.0,2925.0,113.0,360.0
Male,Yes,0,Not Graduate,No,0.0,Urban,N,1800.0,2934.0,93.0,360.0
Male,Yes,0,Not Graduate,No,1.0,Semiurban,Y,2875.0,1750.0,105.0,360.0
Female,No,0,Graduate,No,1.0,Rural,Y,5000.0,0.0,132.0,360.0
Male,Yes,1,Graduate,No,1.0,Urban,Y,1625.0,1803.0,96.0,360.0
Male,No,0,Graduate,No,1.0,Rural,Y,4000.0,2500.0,140.0,360.0
Male,No,0,Not Graduate,No,1.0,Urban,N,2000.0,0.0,146.41216216216216,360.0
Female,No,0,Graduate,No,1.0,Rural,Y,3762.0,1666.0,135.0,360.0
Female,No,0,Graduate,No,0.0,Urban,N,2400.0,1863.0,104.0,360.0
Male,No,0,Graduate,No,1.0,Rural,N,20233.0,0.0,480.0,360.0
Male,Yes,2,Not Graduate,No,1.0,Rural,Y,7667.0,0.0,185.0,360.0
Female,No,0,Graduate,No,1.0,Semiurban,Y,2917.0,0.0,84.0,360.0
Male,No,0,Not Graduate,No,1.0,Semiurban,Y,2927.0,2405.0,111.0,360.0
Female,No,0,Graduate,No,1.0,Rural,Y,2507.0,0.0,56.0,360.0
Male,Yes,2,Graduate,Yes,1.0,Rural,Y,5746.0,0.0,144.0,84.0
Male,Yes,0,Graduate,No,1.0,Rural,N,2473.0,1843.0,159.0,360.0
Male,Yes,1,Not Graduate,No,1.0,Urban,Y,3399.0,1640.0,111.0,180.0
Male,Yes,2,Graduate,No,1.0,Semiurban,Y,3717.0,0.0,120.0,360.0
Male,Yes,0,Graduate,No,1.0,Urban,Y,2058.0,2134.0,88.0,360.0
Female,No,1,Graduate,No,1.0,Semiurban,Y,3541.0,0.0,112.0,360.0
Male,Yes,1,Graduate,Yes,1.0,Rural,N,10000.0,0.0,155.0,360.0
Male,Yes,0,Graduate,No,1.0,Semiurban,Y,2400.0,2167.0,115.0,360.0
Male,Yes,3+,Graduate,No,1.0,Semiurban,Y,4342.0,189.0,124.0,360.0
Male,Yes,2,Not Graduate,No,1.0,Rural,Y,3601.0,1590.0,146.41216216216216,360.0
Female,No,0,Graduate,No,1.0,Rural,Y,3166.0,2985.0,132.0,360.0
Male,Yes,3+,Graduate,No,1.0,Rural,Y,15000.0,0.0,300.0,360.0
Male,Yes,1,Graduate,Yes,0.0,Rural,N,8666.0,4983.0,376.0,360.0
Male,No,0,Graduate,No,0.0,Rural,Y,4917.0,0.0,130.0,360.0
Male,Yes,0,Graduate,Yes,1.0,Semiurban,Y,5818.0,2160.0,184.0,360.0
Female,Yes,0,Graduate,No,1.0,Urban,N,4333.0,2451.0,110.0,360.0
Female,No,0,Graduate,No,1.0,Urban,Y,2500.0,0.0,67.0,360.0
Male,No,1,Graduate,No,1.0,Urban,Y,4384.0,1793.0,117.0,360.0
Male,No,0,Graduate,No,1.0,Semiurban,Y,2935.0,0.0,98.0,360.0
Male,No,0,Graduate,No,1.0,Urban,Y,2833.0,0.0,71.0,360.0
Male,Yes,0,Graduate,No,1.0,Urban,Y,63337.0,0.0,490.0,180.0
Male,Yes,1,Graduate,Yes,1.0,Urban,Y,9833.0,1833.0,182.0,180.0
Male,Yes,0,Graduate,Yes,1.0,Semiurban,Y,5503.0,4490.0,70.0,342.0
Male,Yes,1,Graduate,No,1.0,Rural,Y,5250.0,688.0,160.0,360.0
Male,Yes,2,Graduate,Yes,1.0,Rural,Y,2500.0,4600.0,176.0,360.0
Female,No,3+,Not Graduate,No,0.0,Urban,N,1830.0,0.0,146.41216216216216,360.0
Female,No,0,Graduate,No,1.0,Semiurban,Y,4160.0,0.0,71.0,360.0
Male,Yes,3+,Not Graduate,No,1.0,Rural,N,2647.0,1587.0,173.0,360.0
Female,No,0,Graduate,No,1.0,Rural,N,2378.0,0.0,46.0,360.0
Male,Yes,1,Not Graduate,No,1.0,Urban,Y,4554.0,1229.0,158.0,360.0
Male,Yes,3+,Not Graduate,No,1.0,Semiurban,Y,3173.0,0.0,74.0,360.0
Male,Yes,2,Graduate,No,1.0,Rural,Y,2583.0,2330.0,125.0,360.0
Male,Yes,0,Graduate,No,1.0,Semiurban,Y,2499.0,2458.0,160.0,360.0
Male,Yes,0,Not Graduate,No,0.0,Rural,N,3523.0,3230.0,152.0,360.0
Male,Yes,2,Not Graduate,No,1.0,Urban,Y,3083.0,2168.0,126.0,360.0
Male,Yes,0,Graduate,No,1.0,Semiurban,Y,6333.0,4583.0,259.0,360.0
Male,Yes,0,Graduate,No,1.0,Rural,Y,2625.0,6250.0,187.0,360.0
Male,Yes,0,Graduate,No,1.0,Semiurban,Y,9083.0,0.0,228.0,360.0
Male,No,0,Graduate,No,1.0,Rural,N,8750.0,4167.0,308.0,360.0
Male,Yes,3+,Graduate,No,1.0,Rural,Y,2666.0,2083.0,95.0,360.0
Female,Yes,0,Graduate,Yes,0.0,Rural,N,5500.0,0.0,105.0,360.0
Female,Yes,0,Graduate,No,1.0,Semiurban,Y,2423.0,505.0,130.0,360.0
Female,No,0,Graduate,No,1.0,Urban,Y,3813.0,0.0,116.0,180.0
Male,Yes,2,Graduate,No,1.0,Rural,Y,8333.0,3167.0,165.0,360.0
Male,Yes,1,Graduate,No,1.0,Urban,N,3875.0,0.0,67.0,360.0
Male,Yes,0,Not Graduate,No,0.0,Urban,N,3000.0,1666.0,100.0,480.0
Male,Yes,3+,Graduate,No,1.0,Semiurban,Y,5167.0,3167.0,200.0,360.0
Female,No,1,Graduate,No,1.0,Semiurban,N,4723.0,0.0,81.0,360.0
Male,Yes,2,Graduate,No,1.0,Semiurban,Y,5000.0,3667.0,236.0,360.0
Male,Yes,0,Graduate,No,1.0,Urban,Y,4750.0,2333.0,130.0,360.0
Male,Yes,0,Graduate,No,1.0,Urban,Y,3013.0,3033.0,95.0,300.0
Male,No,0,Graduate,Yes,1.0,Rural,Y,6822.0,0.0,141.0,360.0
Male,No,0,Not Graduate,No,1.0,Rural,N,6216.0,0.0,133.0,360.0
Male,No,0,Graduate,No,1.0,Semiurban,N,2500.0,0.0,96.0,480.0
Male,No,0,Graduate,No,0.0,Rural,N,5124.0,0.0,124.0,342.0
Male,Yes,1,Graduate,No,1.0,Semiurban,Y,6325.0,0.0,175.0,360.0
Male,Yes,0,Graduate,No,1.0,Rural,N,19730.0,5266.0,570.0,360.0
Female,No,0,Graduate,Yes,1.0,Semiurban,Y,15759.0,0.0,55.0,360.0
Male,Yes,2,Graduate,No,1.0,Semiurban,Y,5185.0,0.0,155.0,360.0
Male,Yes,2,Graduate,Yes,1.0,Rural,Y,9323.0,7873.0,380.0,300.0
Male,No,1,Graduate,No,0.0,Urban,N,3062.0,1987.0,111.0,180.0
Female,No,0,Graduate,No,1.0,Urban,Y,2764.0,1459.0,110.0,360.0
Male,Yes,0,Graduate,No,1.0,Urban,Y,4817.0,923.0,120.0,180.0
Male,Yes,3+,Graduate,No,1.0,Rural,Y,8750.0,4996.0,130.0,360.0
Male,Yes,0,Graduate,No,1.0,Semiurban,Y,4310.0,0.0,130.0,360.0
Male,No,0,Graduate,No,1.0,Urban,N,3069.0,0.0,71.0,480.0
Male,Yes,2,Graduate,No,1.0,Urban,Y,5391.0,0.0,130.0,360.0
Male,Yes,0,Graduate,No,1.0,Semiurban,Y,3333.0,2500.0,128.0,360.0
Male,No,0,Graduate,No,1.0,Semiurban,Y,5941.0,4232.0,296.0,360.0
Female,No,0,Graduate,No,1.0,Urban,Y,6000.0,0.0,156.0,360.0
Male,No,0,Graduate,Yes,1.0,Urban,Y,7167.0,0.0,128.0,360.0
Male,Yes,2,Graduate,No,1.0,Urban,N,4566.0,0.0,100.0,360.0
Male,No,1,Graduate,No,1.0,Urban,Y,3667.0,0.0,113.0,180.0
Male,No,0,Not Graduate,No,1.0,Semiurban,Y,2346.0,1600.0,132.0,360.0
Male,Yes,0,Not Graduate,No,0.0,Urban,N,3010.0,3136.0,146.41216216216216,360.0
Male,Yes,0,Graduate,No,1.0,Urban,Y,2333.0,2417.0,136.0,360.0
Male,Yes,0,Graduate,No,1.0,Rural,Y,5488.0,0.0,125.0,360.0
Male,No,3+,Graduate,No,1.0,Rural,Y,9167.0,0.0,185.0,360.0
Male,Yes,3+,Graduate,No,1.0,Rural,Y,9504.0,0.0,275.0,360.0
Male,Yes,0,Graduate,No,1.0,Urban,Y,2583.0,2115.0,120.0,360.0
Male,Yes,2,Not Graduate,No,1.0,Semiurban,Y,1993.0,1625.0,113.0,180.0
Male,Yes,2,Graduate,No,1.0,Urban,Y,3100.0,1400.0,113.0,360.0
Male,Yes,2,Graduate,No,1.0,Semiurban,Y,3276.0,484.0,135.0,360.0
Female,No,0,Graduate,No,0.0,Urban,N,3180.0,0.0,71.0,360.0
Male,Yes,0,Graduate,No,1.0,Urban,Y,3033.0,1459.0,95.0,360.0
Male,No,0,Not Graduate,No,1.0,Rural,Y,3902.0,1666.0,109.0,360.0
Female,No,0,Graduate,No,0.0,Semiurban,N,1500.0,1800.0,103.0,360.0
Male,Yes,2,Not Graduate,No,0.0,Urban,N,2889.0,0.0,45.0,180.0
Male,No,0,Not Graduate,No,1.0,Rural,N,2755.0,0.0,65.0,300.0
Male,No,0,Graduate,No,1.0,Semiurban,Y,2500.0,20000.0,103.0,360.0
Female,No,0,Not Graduate,No,1.0,Semiurban,Y,1963.0,0.0,53.0,360.0
Female,No,0,Graduate,Yes,1.0,Rural,N,7441.0,0.0,194.0,360.0
Female,No,0,Graduate,No,1.0,Semiurban,Y,4547.0,0.0,115.0,360.0
Male,Yes,0,Not Graduate,No,1.0,Urban,Y,2167.0,2400.0,115.0,360.0
Female,No,0,Not Graduate,No,1.0,Rural,Y,2213.0,0.0,66.0,360.0
Male,Yes,1,Graduate,No,0.0,Semiurban,N,8300.0,0.0,152.0,300.0
Male,Yes,3+,Graduate,No,0.0,Rural,N,81000.0,0.0,360.0,360.0
Female,No,1,Not Graduate,Yes,1.0,Semiurban,N,3867.0,0.0,62.0,360.0
Male,Yes,0,Graduate,No,1.0,Urban,Y,6256.0,0.0,160.0,360.0
Male,Yes,0,Not Graduate,No,0.0,Rural,N,6096.0,0.0,218.0,360.0
Male,Yes,0,Not Graduate,No,1.0,Rural,Y,2253.0,2033.0,110.0,360.0
Female,Yes,0,Not Graduate,No,0.0,Semiurban,N,2149.0,3237.0,178.0,360.0
Female,No,0,Graduate,No,1.0,Urban,Y,2995.0,0.0,60.0,360.0
Female,No,1,Graduate,No,1.0,Urban,N,2600.0,0.0,160.0,360.0
Male,Yes,2,Graduate,Yes,1.0,Urban,N,1600.0,20000.0,239.0,360.0
Male,Yes,0,Graduate,No,1.0,Rural,Y,1025.0,2773.0,112.0,360.0
Male,Yes,0,Graduate,No,1.0,Semiurban,Y,3246.0,1417.0,138.0,360.0
Male,Yes,0,Graduate,No,1.0,Rural,Y,5829.0,0.0,138.0,360.0
Female,No,0,Not Graduate,No,0.0,Urban,N,2720.0,0.0,80.0,342.0
Male,Yes,0,Graduate,No,1.0,Urban,Y,1820.0,1719.0,100.0,360.0
Male,Yes,1,Graduate,No,0.0,Urban,N,7250.0,1667.0,110.0,342.0
Male,Yes,0,Graduate,No,1.0,Semiurban,Y,14880.0,0.0,96.0,360.0
Male,Yes,0,Graduate,No,1.0,Rural,Y,2666.0,4300.0,121.0,360.0
Female,No,1,Not Graduate,No,1.0,Rural,N,4606.0,0.0,81.0,360.0
Male,Yes,2,Graduate,No,1.0,Semiurban,Y,5935.0,0.0,133.0,360.0
Male,Yes,0,Graduate,No,1.0,Rural,Y,2920.0,16.12000084,87.0,360.0
Male,No,0,Not Graduate,No,1.0,Urban,Y,2717.0,0.0,60.0,180.0
Female,No,1,Graduate,Yes,1.0,Semiurban,Y,8624.0,0.0,150.0,360.0
Male,No,0,Graduate,No,0.0,Rural,N,6500.0,0.0,105.0,360.0
Male,No,0,Graduate,No,1.0,Semiurban,Y,12876.0,0.0,405.0,360.0
Male,Yes,0,Graduate,No,1.0,Semiurban,Y,2425.0,2340.0,143.0,360.0
Male,No,0,Graduate,No,1.0,Urban,Y,3750.0,0.0,100.0,360.0
Female,Yes,0,Graduate,No,1.0,Semiurban,Y,10047.0,0.0,146.41216216216216,240.0
Male,No,0,Graduate,No,1.0,Semiurban,Y,1926.0,1851.0,50.0,360.0
Male,Yes,0,Graduate,No,1.0,Urban,Y,2213.0,1125.0,146.41216216216216,360.0
Male,No,0,Graduate,Yes,0.0,Urban,N,10416.0,0.0,187.0,360.0
Female,Yes,0,Not Graduate,Yes,1.0,Rural,Y,7142.0,0.0,138.0,360.0
Male,No,0,Graduate,No,1.0,Semiurban,Y,3660.0,5064.0,187.0,360.0
Male,Yes,0,Graduate,No,1.0,Rural,Y,7901.0,1833.0,180.0,360.0
Male,No,3+,Not Graduate,No,1.0,Semiurban,Y,4707.0,1993.0,148.0,360.0
Male,No,1,Graduate,No,1.0,Semiurban,Y,37719.0,0.0,152.0,360.0
Male,Yes,0,Graduate,No,1.0,Rural,Y,7333.0,8333.0,175.0,300.0
Male,Yes,1,Graduate,Yes,1.0,Rural,Y,3466.0,1210.0,130.0,360.0
Male,Yes,2,Not Graduate,No,1.0,Rural,Y,4652.0,0.0,110.0,360.0
Male,Yes,0,Graduate,No,1.0,Rural,N,3539.0,1376.0,55.0,360.0
Male,Yes,2,Graduate,No,0.0,Rural,N,3340.0,1710.0,150.0,360.0
Male,No,1,Not Graduate,Yes,1.0,Semiurban,N,2769.0,1542.0,190.0,360.0
Male,Yes,2,Not Graduate,No,0.0,Rural,N,2309.0,1255.0,125.0,360.0
Male,Yes,2,Not Graduate,No,1.0,Urban,Y,1958.0,1456.0,60.0,300.0
Male,Yes,0,Graduate,No,0.0,Rural,N,3948.0,1733.0,149.0,360.0
Male,Yes,0,Graduate,No,0.0,Rural,Y,2483.0,2466.0,90.0,180.0
Male,No,0,Graduate,Yes,1.0,Semiurban,Y,7085.0,0.0,84.0,360.0
Male,Yes,2,Graduate,No,1.0,Semiurban,Y,3859.0,0.0,96.0,360.0
Male,Yes,0,Graduate,No,1.0,Urban,Y,4301.0,0.0,118.0,360.0
Male,Yes,0,Graduate,No,1.0,Urban,N,3708.0,2569.0,173.0,360.0
Male,No,2,Graduate,No,1.0,Rural,Y,4354.0,0.0,136.0,360.0
Male,Yes,0,Graduate,No,1.0,Semiurban,N,8334.0,0.0,160.0,360.0
Male,Yes,0,Graduate,Yes,1.0,Semiurban,Y,2083.0,4083.0,160.0,360.0
Male,Yes,3+,Graduate,No,1.0,Urban,Y,7740.0,0.0,128.0,180.0
Male,Yes,0,Graduate,No,1.0,Rural,Y,3015.0,2188.0,153.0,360.0
Female,No,1,Not Graduate,No,1.0,Semiurban,Y,5191.0,0.0,132.0,360.0
Male,No,0,Graduate,No,0.0,Semiurban,N,4166.0,0.0,98.0,360.0
Male,No,0,Graduate,No,1.0,Rural,Y,6000.0,0.0,140.0,360.0
Male,Yes,3+,Not Graduate,No,0.0,Urban,N,2947.0,1664.0,70.0,180.0
Male,Yes,0,Graduate,No,1.0,Semiurban,Y,16692.0,0.0,110.0,360.0
Female,Yes,2,Not Graduate,No,1.0,Semiurban,Y,210.0,2917.0,98.0,360.0
Male,Yes,0,Graduate,No,1.0,Urban,N,4333.0,2451.0,110.0,360.0
Male,Yes,1,Graduate,Yes,1.0,Semiurban,Y,3450.0,2079.0,162.0,360.0
Male,Yes,1,Not Graduate,No,0.0,Rural,N,2653.0,1500.0,113.0,180.0
Male,Yes,3+,Graduate,No,1.0,Semiurban,Y,4691.0,0.0,100.0,360.0
Female,No,0,Graduate,Yes,1.0,Urban,Y,2500.0,0.0,93.0,360.0
Male,No,2,Graduate,No,1.0,Rural,Y,5532.0,4648.0,162.0,360.0
Male,Yes,2,Graduate,Yes,1.0,Rural,Y,16525.0,1014.0,150.0,360.0
Male,Yes,2,Graduate,No,1.0,Semiurban,Y,6700.0,1750.0,230.0,300.0
Male,Yes,2,Graduate,No,0.0,Semiurban,N,2873.0,1872.0,132.0,360.0
Male,Yes,1,Graduate,Yes,1.0,Semiurban,Y,16667.0,2250.0,86.0,360.0
Male,Yes,2,Graduate,No,1.0,Urban,N,2947.0,1603.0,146.41216216216216,360.0
Female,No,0,Not Graduate,No,1.0,Rural,Y,4350.0,0.0,154.0,360.0
Male,Yes,3+,Not Graduate,No,1.0,Rural,Y,3095.0,0.0,113.0,360.0
Male,Yes,0,Graduate,No,1.0,Semiurban,Y,2083.0,3150.0,128.0,360.0
Male,Yes,0,Graduate,No,1.0,Semiurban,Y,10833.0,0.0,234.0,360.0
Male,Yes,2,Graduate,No,1.0,Semiurban,Y,8333.0,0.0,246.0,360.0
Male,Yes,1,Not Graduate,No,1.0,Rural,Y,1958.0,2436.0,131.0,360.0
Male,No,2,Graduate,No,0.0,Rural,N,3547.0,0.0,80.0,360.0
Male,Yes,1,Graduate,No,1.0,Urban,N,18333.0,0.0,500.0,360.0
Male,Yes,2,Graduate,Yes,1.0,Semiurban,Y,4583.0,2083.0,160.0,360.0
Male,No,0,Graduate,No,1.0,Urban,N,2435.0,0.0,75.0,360.0
Male,No,0,Not Graduate,No,1.0,Semiurban,Y,2699.0,2785.0,96.0,360.0
Male,Yes,1,Not Graduate,No,1.0,Urban,Y,5333.0,1131.0,186.0,360.0
Male,No,0,Not Graduate,No,1.0,Rural,Y,3691.0,0.0,110.0,360.0
Female,No,0,Not Graduate,Yes,1.0,Semiurban,Y,17263.0,0.0,225.0,360.0
Male,Yes,0,Graduate,No,0.0,Rural,N,3597.0,2157.0,119.0,360.0
Female,Yes,1,Graduate,No,1.0,Semiurban,Y,3326.0,913.0,105.0,84.0
Male,Yes,0,Not Graduate,No,1.0,Rural,Y,2600.0,1700.0,107.0,360.0
Male,Yes,0,Graduate,No,1.0,Urban,Y,4625.0,2857.0,111.0,12.0
Male,Yes,1,Graduate,Yes,1.0,Semiurban,Y,2895.0,0.0,95.0,360.0
Male,No,0,Graduate,No,0.0,Rural,N,6283.0,4416.0,209.0,360.0
Female,No,0,Graduate,No,1.0,Rural,Y,645.0,3683.0,113.0,480.0
Female,No,0,Graduate,No,1.0,Semiurban,Y,3159.0,0.0,100.0,360.0
Male,Yes,2,Graduate,No,1.0,Semiurban,Y,4865.0,5624.0,208.0,360.0
Male,Yes,1,Not Graduate,No,1.0,Rural,N,4050.0,5302.0,138.0,360.0
Male,Yes,0,Not Graduate,No,1.0,Semiurban,Y,3814.0,1483.0,124.0,300.0
Male,Yes,2,Graduate,No,1.0,Rural,Y,3510.0,4416.0,243.0,360.0
Male,Yes,0,Graduate,No,1.0,Urban,Y,20833.0,6667.0,480.0,360.0
Male,No,0,Graduate,No,1.0,Urban,N,3583.0,0.0,96.0,360.0
Male,Yes,0,Graduate,Yes,1.0,Urban,Y,2479.0,3013.0,188.0,360.0
Female,No,1,Graduate,No,1.0,Urban,Y,13262.0,0.0,40.0,360.0
Male,No,0,Not Graduate,No,1.0,Rural,N,3598.0,1287.0,100.0,360.0
Male,Yes,1,Graduate,No,1.0,Semiurban,Y,6065.0,2004.0,250.0,360.0
Male,Yes,2,Graduate,No,1.0,Urban,Y,3283.0,2035.0,148.0,360.0
Male,Yes,0,Graduate,No,1.0,Semiurban,N,2130.0,6666.0,70.0,180.0
Male,No,0,Graduate,No,1.0,Rural,N,5815.0,3666.0,311.0,360.0
Male,Yes,3+,Graduate,No,1.0,Rural,Y,3466.0,3428.0,150.0,360.0
Female,Yes,2,Graduate,No,1.0,Semiurban,Y,2031.0,1632.0,113.0,480.0
Male,Yes,0,Not Graduate,No,0.0,Semiurban,N,3074.0,1800.0,123.0,360.0
Male,No,0,Graduate,No,1.0,Semiurban,N,4683.0,1915.0,185.0,360.0
Female,No,0,Not Graduate,No,1.0,Rural,N,3400.0,0.0,95.0,360.0
Male,Yes,2,Not Graduate,No,1.0,Semiurban,Y,2192.0,1742.0,45.0,360.0
Male,No,0,Graduate,No,1.0,Semiurban,Y,2500.0,0.0,55.0,360.0
Male,Yes,3+,Graduate,Yes,1.0,Rural,Y,5677.0,1424.0,100.0,360.0
Male,Yes,2,Graduate,Yes,1.0,Rural,Y,7948.0,7166.0,480.0,360.0
Male,No,0,Graduate,No,1.0,Semiurban,N,4680.0,2087.0,146.41216216216216,360.0
Male,Yes,2,Graduate,Yes,1.0,Rural,Y,17500.0,0.0,400.0,360.0
Male,Yes,0,Graduate,No,1.0,Semiurban,Y,3775.0,0.0,110.0,360.0
Male,Yes,1,Not Graduate,No,0.0,Semiurban,Y,5285.0,1430.0,161.0,360.0
Male,No,1,Not Graduate,No,1.0,Semiurban,Y,2679.0,1302.0,94.0,360.0
Male,No,0,Not Graduate,No,1.0,Semiurban,Y,6783.0,0.0,130.0,360.0
Male,Yes,0,Graduate,No,1.0,Rural,Y,1025.0,5500.0,216.0,360.0
Male,Yes,3+,Graduate,No,1.0,Urban,Y,4281.0,0.0,100.0,360.0
Male,No,2,Graduate,No,0.0,Rural,N,3588.0,0.0,110.0,360.0
Male,No,1,Graduate,No,1.0,Semiurban,N,11250.0,0.0,196.0,360.0
Female,No,0,Not Graduate,Yes,1.0,Urban,Y,18165.0,0.0,125.0,360.0
Male,No,0,Not Graduate,No,1.0,Rural,Y,2550.0,2042.0,126.0,360.0
Male,Yes,0,Graduate,No,1.0,Urban,Y,6133.0,3906.0,324.0,360.0
Male,No,2,Graduate,No,1.0,Semiurban,Y,3617.0,0.0,107.0,360.0
Male,Yes,0,Not Graduate,No,1.0,Rural,N,2917.0,536.0,66.0,360.0
Male,Yes,3+,Graduate,No,1.0,Rural,Y,6417.0,0.0,157.0,180.0
Female,Yes,1,Graduate,No,1.0,Semiurban,Y,4608.0,2845.0,140.0,180.0
Female,No,0,Graduate,No,0.0,Semiurban,N,2138.0,0.0,99.0,360.0
Female,No,1,Graduate,No,1.0,Semiurban,Y,3652.0,0.0,95.0,360.0
Male,Yes,1,Not Graduate,No,1.0,Urban,Y,2239.0,2524.0,128.0,360.0
Female,Yes,0,Not Graduate,No,1.0,Semiurban,Y,3017.0,663.0,102.0,360.0
Male,Yes,0,Graduate,No,1.0,Rural,Y,2768.0,1950.0,155.0,360.0
Male,No,0,Not Graduate,No,1.0,Semiurban,N,3358.0,0.0,80.0,36.0
Male,No,0,Graduate,No,1.0,Rural,Y,2526.0,1783.0,145.0,360.0
Female,No,0,Graduate,No,0.0,Semiurban,N,5000.0,0.0,103.0,360.0
Male,Yes,0,Graduate,No,1.0,Rural,Y,2785.0,2016.0,110.0,360.0
Male,Yes,2,Graduate,Yes,0.0,Rural,N,6633.0,0.0,146.41216216216216,360.0
Male,Yes,1,Not Graduate,No,1.0,Rural,Y,2492.0,2375.0,146.41216216216216,360.0
Male,Yes,1,Graduate,No,1.0,Urban,Y,3333.0,3250.0,158.0,360.0
Male,Yes,0,Not Graduate,No,0.0,Urban,N,2454.0,2333.0,181.0,360.0
Male,Yes,0,Graduate,No,0.0,Rural,N,3593.0,4266.0,132.0,180.0
Male,Yes,1,Graduate,No,1.0,Semiurban,Y,5468.0,1032.0,26.0,360.0
Female,No,0,Graduate,No,1.0,Urban,Y,2667.0,1625.0,84.0,360.0
Male,Yes,3+,Graduate,Yes,1.0,Semiurban,Y,10139.0,0.0,260.0,360.0
Male,Yes,0,Graduate,No,1.0,Semiurban,Y,3887.0,2669.0,162.0,360.0
Female,Yes,0,Graduate,No,1.0,Semiurban,Y,4180.0,2306.0,182.0,360.0
Male,Yes,2,Not Graduate,No,1.0,Semiurban,Y,3675.0,242.0,108.0,360.0
Female,Yes,1,Graduate,Yes,1.0,Semiurban,Y,19484.0,0.0,600.0,360.0
Male,Yes,0,Graduate,No,1.0,Rural,Y,5923.0,2054.0,211.0,360.0
Male,No,0,Not Graduate,Yes,1.0,Semiurban,Y,5800.0,0.0,132.0,360.0
Male,Yes,2,Graduate,No,0.0,Urban,N,8799.0,0.0,258.0,360.0
Male,Yes,0,Not Graduate,No,1.0,Rural,Y,4467.0,0.0,120.0,360.0
Male,No,0,Graduate,No,1.0,Urban,Y,3333.0,0.0,70.0,360.0
Male,Yes,3+,Graduate,No,0.0,Rural,N,3400.0,2500.0,123.0,360.0
Female,No,0,Graduate,No,1.0,Urban,N,2378.0,0.0,9.0,360.0
Male,Yes,0,Graduate,No,0.0,Urban,N,3166.0,2064.0,104.0,360.0
Male,Yes,1,Graduate,No,1.0,Urban,Y,3417.0,1750.0,186.0,360.0
Male,Yes,0,Graduate,No,0.0,Urban,N,5116.0,1451.0,165.0,360.0
Male,Yes,2,Graduate,No,1.0,Urban,Y,16666.0,0.0,275.0,360.0
Male,Yes,2,Not Graduate,No,1.0,Semiurban,N,6125.0,1625.0,187.0,480.0
Male,Yes,3+,Graduate,No,1.0,Semiurban,N,6406.0,0.0,150.0,360.0
Male,Yes,2,Graduate,No,1.0,Urban,Y,3159.0,461.0,108.0,84.0
Male,Yes,0,Graduate,No,0.0,Semiurban,N,3087.0,2210.0,136.0,360.0
Male,No,0,Graduate,No,1.0,Urban,Y,3229.0,2739.0,110.0,360.0
Male,Yes,1,Graduate,No,1.0,Rural,Y,1782.0,2232.0,107.0,360.0
Male,No,0,Graduate,No,1.0,Urban,Y,3182.0,2917.0,161.0,360.0
Male,Yes,2,Graduate,No,1.0,Semiurban,Y,6540.0,0.0,205.0,360.0
Male,No,0,Graduate,No,1.0,Urban,N,1836.0,33837.0,90.0,360.0
Female,Yes,0,Graduate,No,1.0,Semiurban,Y,3166.0,0.0,36.0,360.0
Male,Yes,1,Graduate,No,1.0,Rural,N,1880.0,0.0,61.0,360.0
Male,Yes,1,Graduate,No,0.0,Rural,N,2787.0,1917.0,146.0,360.0
Male,Yes,1,Graduate,No,1.0,Rural,N,4283.0,3000.0,172.0,84.0
Male,Yes,0,Graduate,No,1.0,Urban,Y,2297.0,1522.0,104.0,360.0
Female,No,0,Not Graduate,No,1.0,Semiurban,Y,2165.0,0.0,70.0,360.0
Male,No,0,Graduate,No,1.0,Semiurban,Y,4750.0,0.0,94.0,360.0
Male,Yes,2,Graduate,Yes,0.0,Semiurban,N,2726.0,0.0,106.0,360.0
Male,Yes,0,Graduate,No,1.0,Semiurban,Y,3000.0,3416.0,56.0,180.0
Male,Yes,2,Graduate,Yes,1.0,Semiurban,N,6000.0,0.0,205.0,240.0
Male,No,3+,Graduate,Yes,1.0,Semiurban,Y,9357.0,0.0,292.0,360.0
Male,Yes,0,Graduate,No,1.0,Rural,Y,3859.0,3300.0,142.0,180.0
Male,Yes,0,Graduate,Yes,1.0,Urban,Y,16120.0,0.0,260.0,360.0
Male,No,0,Not Graduate,No,1.0,Rural,Y,3833.0,0.0,110.0,360.0
Male,Yes,2,Not Graduate,Yes,1.0,Rural,N,6383.0,1000.0,187.0,360.0
Male,No,0,Graduate,No,0.0,Semiurban,N,2987.0,0.0,88.0,360.0
Male,Yes,0,Graduate,Yes,1.0,Rural,Y,9963.0,0.0,180.0,360.0
Male,Yes,2,Graduate,No,1.0,Urban,Y,5780.0,0.0,192.0,360.0
Female,No,3+,Graduate,No,1.0,Urban,N,416.0,41667.0,350.0,180.0
Male,Yes,0,Not Graduate,No,1.0,Rural,Y,2894.0,2792.0,155.0,360.0
Male,Yes,3+,Graduate,No,1.0,Urban,Y,5703.0,0.0,128.0,360.0
Male,No,0,Graduate,No,1.0,Rural,Y,3676.0,4301.0,172.0,360.0
Female,Yes,1,Graduate,No,1.0,Semiurban,Y,12000.0,0.0,496.0,360.0
Male,Yes,0,Not Graduate,No,1.0,Urban,N,2400.0,3800.0,146.41216216216216,180.0
Male,Yes,1,Graduate,No,1.0,Semiurban,Y,3400.0,2500.0,173.0,360.0
Male,Yes,2,Not Graduate,No,1.0,Rural,Y,3987.0,1411.0,157.0,360.0
Male,Yes,0,Graduate,No,1.0,Rural,Y,3232.0,1950.0,108.0,360.0
Female,No,0,Graduate,No,1.0,Rural,Y,2900.0,0.0,71.0,360.0
Male,Yes,3+,Graduate,No,1.0,Rural,Y,4106.0,0.0,40.0,180.0
Male,Yes,1,Graduate,No,1.0,Urban,Y,8072.0,240.0,253.0,360.0
Male,Yes,2,Graduate,No,1.0,Urban,Y,7583.0,0.0,187.0,360.0
Female,No,0,Graduate,Yes,0.0,Semiurban,N,4583.0,0.0,133.0,360.0
